{"cameraMode":{"drawMode":0,"name":"Shaded","section":"Shading Mode"},"sceneLighting":false,"audioPlay":false,"sceneViewState":{"showFog":true,"showMaterialUpdate":false,"showSkybox":true,"showFlares":true,"showImageEffects":true,"showParticleSystems":true},"in2DMode":false,"pivot":{"x":-0.15651941299438477,"y":-0.4286623001098633,"z":9.083842277526856},"rotation":{"x":-0.04829063639044762,"y":0.0035927454009652139,"z":-0.00017378359916619956,"w":-0.9988268613815308},"size":10.081338882446289,"orthographic":false}