{"cameraMode":{"drawMode":0,"name":"Shaded","section":"Shading Mode"},"sceneLighting":false,"audioPlay":false,"sceneViewState":{"showFog":true,"showMaterialUpdate":false,"showSkybox":true,"showFlares":true,"showImageEffects":true,"showParticleSystems":true},"in2DMode":false,"pivot":{"x":0.7733051776885986,"y":1.6714110374450684,"z":6.352554798126221},"rotation":{"x":0.04765233397483826,"y":0.02906055562198162,"z":0.001387055148370564,"w":-0.9984452128410339},"size":2.7790091037750246,"orthographic":false}