{"cameraMode":{"drawMode":0,"name":"Shaded","section":"Shading Mode"},"sceneLighting":false,"audioPlay":false,"sceneViewState":{"showFog":true,"showMaterialUpdate":false,"showSkybox":false,"showFlares":true,"showImageEffects":true,"showParticleSystems":true},"in2DMode":false,"pivot":{"x":-382.4730224609375,"y":-312.92633056640627,"z":177.913330078125},"rotation":{"x":-0.16047438979148866,"y":-0.30901625752449038,"z":0.05298469215631485,"w":-0.9359252452850342},"size":1523.457275390625,"orthographic":false}