{"cameraMode":{"drawMode":0,"name":"Shaded","section":"Shading Mode"},"sceneLighting":false,"audioPlay":false,"sceneViewState":{"showFog":true,"showMaterialUpdate":false,"showSkybox":true,"showFlares":true,"showImageEffects":true,"showParticleSystems":true},"in2DMode":false,"pivot":{"x":1.027999997138977,"y":0.6066000461578369,"z":3.9700000286102297},"rotation":{"x":-0.24706505239009858,"y":0.09169390052556992,"z":-0.023491637781262399,"w":-0.9643647074699402},"size":2.3334522247314455,"orthographic":false}